Workbook

Sheet Dashboard
A1: Care Access Navigator — Compliance Monitoring Dashboard
A2: Live formulas: statuses recalculate from the KPI Monitor and Remediation sheets (update 'Current'
A3: and '% complete' values). Last data refresh: 2026-10-13.
D4: KPI (percent) | E4: Current | F4: Target
A5: KPIs Green | B5: =COUNTIF('KPI Monitor'!H2:H12,"Green") | D5: K-01 Asset tagging compliance | E5: ='KPI Monitor'!F2 | F5: 100
A6: KPIs Amber | B6: =COUNTIF('KPI Monitor'!H2:H12,"Amber") | D6: K-02 Guardrail policy compliance | E6: ='KPI Monitor'!F3 | F6: 100
A7: KPIs Red | B7: =COUNTIF('KPI Monitor'!H2:H12,"Red") | D7: K-03 Least-privilege accounts | E7: ='KPI Monitor'!F4 | F7: 100
A8: Open findings | B8: =COUNTIF(Remediation!H2:H7,"<>Closed") | D8: K-04 MFA coverage (privileged + CDE) | E8: ='KPI Monitor'!F5 | F8: 100
A9: Open High findings | B9: =COUNTIFS(Remediation!C2:C7,"High",Remediation!H2:H7,"<>Closed") | D9: K-05 Security alert rules enabled | E9: ='KPI Monitor'!F6 | F9: 100
A10: Findings overdue (Red) | B10: =COUNTIF(Remediation!H2:H7,"Red") | D10: K-06 Log retention vs requirement | E10: ='KPI Monitor'!F7 | F10: 100
D11: K-07 Audit test pass rate | E11: ='KPI Monitor'!F8 | F11: 90

Sheet KPI Monitor
A1: ID | B1: KPI | C1: Definition / formula | D1: Target | E1: Amber threshold | F1: Current | G1: Unit | H1: Status | I1: Source | J1: Frequency | K1: Owner | L1: Measurement note
A2: K-01 | B2: Asset tagging compliance | C2: Resources + RGs with all 3 mandatory tags / total | D2: 100 | E2: 95 | F2: 100 | G2: % | H2: =IF(F2="","Pending",IF(F2>=D2,"Green",IF(F2>=E2,"Amber","Red"))) | I2: Azure Resource Graph | J2: Daily (Azure Policy) | K2: GRC Analyst | L2: Measured 2026-10-13: 19/19
A3: K-02 | B3: Guardrail policy compliance | C3: Compliant evaluations / total for can-guardrails | D3: 100 | E3: 95 | F3: 100 | G3: % | H3: =IF(F3="","Pending",IF(F3>=D3,"Green",IF(F3>=E3,"Amber","Red"))) | I3: Azure Policy | J3: Daily | K3: Security Officer | L3: Measured 2026-10-08: 31/31
A4: K-03 | B4: Least-privilege accounts | C4: Workforce accounts holding exactly one approved role / total | D4: 100 | E4: 95 | F4: 100 | G4: % | H4: =IF(F4="","Pending",IF(F4>=D4,"Green",IF(F4>=E4,"Amber","Red"))) | I4: Keycloak extract | J4: Quarterly | K4: IAM Analyst | L4: Measured 2026-10-13: 9/9
A5: K-04 | B5: MFA coverage (privileged + CDE) | C5: In-scope accounts forced through MFA / in-scope accounts | D5: 100 | E5: 90 | F5: 0 | G5: % | H5: =IF(F5="","Pending",IF(F5>=D5,"Green",IF(F5>=E5,"Amber","Red"))) | I5: Keycloak flows | J5: Monthly | K5: IAM Analyst | L5: Measured 2026-10-13: flow not bound
A6: K-05 | B6: Security alert rules enabled | C6: Enabled alert rules / defined alert rules | D6: 100 | E6: 90 | F6: 100 | G6: % | H6: =IF(F6="","Pending",IF(F6>=D6,"Green",IF(F6>=E6,"Amber","Red"))) | I6: Azure Monitor | J6: Weekly | K6: Security Analyst | L6: Measured 2026-10-13: 7/7
A7: K-06 | B7: Log retention vs requirement | C7: Days of centrally retained logs / 365 | D7: 100 | E7: 50 | F7: 24.7 | G7: % | H7: =IF(F7="","Pending",IF(F7>=D7,"Green",IF(F7>=E7,"Amber","Red"))) | I7: Log platform | J7: Monthly | K7: Security Officer | L7: Measured 2026-10-13: 90/365
A8: K-07 | B8: Audit test pass rate | C8: Passed audit tests / tests performed | D8: 90 | E8: 75 | F8: 53.3 | G8: % | H8: =IF(F8="","Pending",IF(F8>=D8,"Green",IF(F8>=E8,"Amber","Red"))) | I8: Audit CAN-IA-2026-01 | J8: Per audit | K8: GRC Analyst | L8: Measured 2026-10-13: 8/15
A9: K-08 | B9: High findings overdue | C9: Open High findings past target date | D9: 0 | E9: 1 | F9: 0 | G9: count | H9: =IF(F9="","Pending",IF(F9<=D9,"Green",IF(F9<=E9,"Amber","Red"))) | I9: Remediation tracker | J9: Weekly | K9: GRC Analyst | L9: Measured 2026-10-13
A10: K-09 | B10: Mean time to detect (MTTD) | C10: Avg minutes from security event to alert | D10: 15 | E10: 30 | F10: 7.5 | G10: min | H10: =IF(F10="","Pending",IF(F10<=D10,"Green",IF(F10<=E10,"Amber","Red"))) | I10: Incident records | J10: Per incident | K10: Security Analyst | L10: INC-20261008-01
A11: K-10 | B11: Workforce training completion | C11: Workforce who completed required modules / workforce | D11: 95 | E11: 85 | G11: % | H11: =IF(F11="","Pending",IF(F11>=D11,"Green",IF(F11>=E11,"Amber","Red"))) | I11: LMS | J11: Monthly | K11: Privacy Officer | L11: Starts Mar 2027 (baseline pending)
A12: K-11 | B12: Access reviews completed on time | C12: Reviews certified by deadline / reviews due | D12: 95 | E12: 85 | G12: % | H12: =IF(F12="","Pending",IF(F12>=D12,"Green",IF(F12>=E12,"Amber","Red"))) | I12: Review tickets | J12: Quarterly | K12: IAM Analyst | L12: First review due 2026-12-15

Sheet Remediation
A1: ID | B1: Finding | C1: Rating | D1: Requirement | E1: Owner | F1: Target date | G1: % complete | H1: RAG status | I1: Last update | J1: Evidence | K1: Notes
A2: F-01 | B2: MFA not enforced for privileged / CDE access | C2: High | D2: HIPAA 164.312(d); PCI 8.4.2 | E2: IAM Analyst | F2: 46332 | G2: 0 | H2: =IF(G2>=1,"Closed",IF(TODAY()>F2,"Red",IF(AND(F2-TODAY()<=7,G2<0.75),"Amber","Green"))) | I2: 46308 | J2: E-AC-02
A3: F-02 | B3: Account lockout (brute-force protection) disabled | C3: High | D3: PCI 8.3.4 | E3: IAM Analyst | F3: 46318 | G3: 0 | H3: =IF(G3>=1,"Closed",IF(TODAY()>F3,"Red",IF(AND(F3-TODAY()<=7,G3<0.75),"Amber","Green"))) | I3: 46308 | J3: E-AC-02
A4: F-03 | B4: No 12-month central log retention | C4: High | D4: HIPAA 164.312(b); PCI 10.5.1 | E4: Security Officer | F4: 46356 | G4: 0 | H4: =IF(G4>=1,"Closed",IF(TODAY()>F4,"Red",IF(AND(F4-TODAY()<=7,G4<0.75),"Amber","Green"))) | I4: 46308 | J4: E-LOG-01
A5: F-04 | B5: Password length 10 / history 3 below PCI minimum | C5: Medium | D5: PCI 8.3.6, 8.3.7 | E5: IAM Analyst | F5: 46318 | G5: 0 | H5: =IF(G5>=1,"Closed",IF(TODAY()>F5,"Red",IF(AND(F5-TODAY()<=7,G5<0.75),"Amber","Green"))) | I5: 46308 | J5: E-AC-02
A6: F-05 | B6: No completed access review / daily log review records | C6: Medium | D6: PCI 7.2.4, 10.4.1 | E6: IAM / Security Analyst | F6: 46371 | G6: 0.1 | H6: =IF(G6>=1,"Closed",IF(TODAY()>F6,"Red",IF(AND(F6-TODAY()<=7,G6<0.75),"Amber","Green"))) | I6: 46308 | J6: Inquiry
A7: F-06 | B7: Identity provider over HTTP in lab | C7: Low | D7: HIPAA 164.312(e)(1); PCI 4.2.1 | E7: IT Support | F7: 46418 | G7: 0 | H7: =IF(G7>=1,"Closed",IF(TODAY()>F7,"Red",IF(AND(F7-TODAY()<=7,G7<0.75),"Amber","Green"))) | I7: 46308 | J7: E-ENC-01
A9: Rules:
A10: Closed = 100% complete and evidence verified by GRC. Red = past target date. Amber = due within 7 days and under 75% complete. Owners update weekly; committee reviews monthly.

Sheet Evidence Register
A1: Evidence ID | B1: File | C1: SHA-256 | D1: Bytes | E1: Collected | F1: Collected by | G1: Location
A2: E-AC-01 | B2: E-AC-01_keycloak_users_roles.txt | C2: 2c94fabfceacd3d058be40bc48ef244f72e9cc218c5826a955f596de522722c1 | D2: 1870 | E2: 2026-10-13 | F2: GRC Analyst | G2: audit-evidence/
A3: E-AC-02 | B3: E-AC-02_authn_settings_and_entra_assignments.txt | C3: eec9ece839fcd29226eef5c7f07343d0873457cdd726aefb5bff71036eb3488f | D3: 993 | E3: 2026-10-13 | F3: GRC Analyst | G3: audit-evidence/
A4: E-ENC-01 | B4: E-ENC-01_tls_enforcement.txt | C4: 2dda385fbcbb32909e5224ccefa8505c617bb346a64f92f45561a0fee09cf668 | D4: 721 | E4: 2026-10-13 | F4: GRC Analyst | G4: audit-evidence/
A5: E-LOG-01 | B5: E-LOG-01_alerting_and_log_retention.txt | C5: 0063a1a5ac8512a10f02f2a3ff109a8f1341adec43d75db22b5fe9d6ea103dc3 | D5: 1665 | E5: 2026-10-13 | F5: GRC Analyst | G5: audit-evidence/
A6: tpl-http | B6: tpl-http.json | C6: 8b114dea7f87a51f1ef7ff76d8e0b95bf8a72a165648b7bdc1cc5ae2ce356c70 | D6: 511 | E6: 2026-10-13 | F6: GRC Analyst | G6: audit-evidence/
A7: tpl-ok | B7: tpl-ok.json | C7: a613a68c745029d5cc7cabbc7cff2a18e3b812e62efa748aca987abc1eb35480 | D7: 508 | E7: 2026-10-13 | F7: GRC Analyst | G7: audit-evidence/
A8: tpl-tls10 | B8: tpl-tls10.json | C8: 6b7d76b0692fef6fd3ffeef9e62ac058cc9d57ccb7463ac386bc6427de021643 | D8: 509 | E8: 2026-10-13 | F8: GRC Analyst | G8: audit-evidence/

Sheet Retention Schedule
A1: Record type | B1: Regulation / driver | C1: Retention | D1: Storage | E1: Access | F1: Owner | G1: Disposal
A2: Compliance policies, procedures (all versions) | B2: HIPAA 164.316(b)(2)(i) | C2: 6 years from last effective date | D2: Policy portal (versioned) | E2: All staff read; GRC edit | F2: GRC Analyst | G2: Secure delete after review
A3: Risk analyses and risk register | B3: HIPAA 164.316(b)(2)(i); 164.308(a)(1) | C3: 6 years | D3: GRC repository | E3: Compliance team | F3: GRC Analyst | G3: Secure delete
A4: Audit reports and evidence packs | B4: HIPAA 164.316; Internal Audit standards | C4: 6 years | D4: Evidence repository (WORM) | E4: Compliance + Internal Audit | F4: Internal Audit | G4: Secure delete
A5: Security audit logs (CDE) | B5: PCI DSS 10.5.1 | C5: 12 months (3 months online) | D5: Central log platform | E5: Security team (read-only) | F5: Security Officer | G5: Automatic expiry
A6: Security audit logs (ePHI systems) | B6: HIPAA 164.312(b) (policy-set) | C6: 6 years (summaries); 12 months raw | D6: Central log platform + archive | E6: Security team | F6: Security Officer | G6: Automatic expiry
A7: Access requests, reviews, certifications | B7: HIPAA 164.308(a)(4); PCI 7.2.4 | C7: 6 years | D7: Ticketing + evidence repository | E7: IAM + managers | F7: IAM Analyst | G7: Secure delete
A8: Training records and attestations | B8: HIPAA 164.530(b)(2), 164.530(j) | C8: 6 years | D8: LMS | E8: HR + Privacy | F8: Privacy Officer | G8: LMS purge
A9: Incident and breach records, notifications | B9: HIPAA 164.530(j); 164.414 burden of proof | C9: 6 years | D9: Incident system | E9: Privacy + Security | F9: Privacy Officer | G9: Secure delete
A10: Business associate agreements | B10: HIPAA 164.316, 164.504(e) | C10: 6 years after termination | D10: Contract system | E10: Legal + Vendor Mgr | F10: Vendor Manager | G10: Secure delete
A11: Medical records (EHR) | B11: NY 10 NYCRR 405.10 | C11: 6 years after discharge, or 3 years after age 18, whichever is longer | D11: EHR system | E11: Clinical roles (RBAC) | F11: HIM Director | G11: NIST SP 800-88 purge
A12: PCI SAQ, AOC, ASV scan reports | B12: PCI DSS 12.4, 11.3.2 | C12: 3 years (policy-set) | D12: Compliance repository | E12: Security + Compliance | F12: Security Officer | G12: Secure delete

Sheet Document Register
A1: Doc ID | B1: Title | C1: Version | D1: Owner | E1: Approver | F1: Effective | G1: Next review | H1: Distribution | I1: Classification | J1: Location
A2: CAN-COMP-RA-001 | B2: Compliance Requirements Analysis | C2: 1.0 | D2: GRC Analyst | E2: CCO | F2: 2026-10-13 | G2: 2027-10-13 | H2: Committee, control owners | I2: Internal | J2: Task 1 PDF
A3: CAN-COMP-PLN-001 | B3: Compliance Program Plan FY2027 | C3: 1.0 | D3: CCO | E3: Program Sponsor | F3: 2026-11-01 | G3: 2027-10-01 | H3: Committee, Board | I3: Internal | J3: Task 1 PDF
A4: CAN-COMP-GOV-001 | B4: Compliance Governance Charter & Communication Plan | C4: 1.0 | D4: CCO | E4: Board committee | F4: 2026-11-01 | G4: 2027-11-01 | H4: Committee, Board | I4: Internal | J4: Task 2 PDF
A5: CAN-POL-AC-001 | B5: Access Control and Identity Management Policy | C5: 1.0 | D5: Security Officer | E5: Committee + COO | F5: 2026-12-01 | G5: 2027-12-01 | H5: All workforce, vendors | I5: Internal | J5: Task 2 PDF
A6: CAN-PRC-AC-002 | B6: Quarterly User Access Review Procedure | C6: 1.0 | D6: IAM Analyst | E6: Security Officer | F6: 2027-01-01 | G6: 2028-01-01 | H6: IAM, managers, GRC | I6: Internal | J6: Task 2 PDF
A7: CAN-TRN-PLN-001 | B7: Compliance Training Plan | C7: 1.0 | D7: Privacy Officer | E7: CCO | F7: 2027-01-01 | G7: 2028-01-01 | H7: HR, managers | I7: Internal | J7: Task 2 PDF
A8: CAN-AUD-2026-01 | B8: Internal Compliance Audit Report (IAM & monitoring) | C8: 1.0 | D8: GRC Analyst | E8: Internal Audit | F8: 2026-10-20 | G8: Follow-up Jan 2027 | H8: Committee, Board | I8: Confidential | J8: Task 3 PDF
A9: CAN-RPT-STS-Q4 | B9: Compliance Status Report Q4 2026 | C9: 1.0 | D9: CCO | E9: Program Sponsor | F9: 2026-10-20 | G9: Quarterly | H9: Executives, Board | I9: Confidential | J9: Task 4 PDF
A10: CAN-REC-RET-001 | B10: Records Retention Schedule | C10: 1.0 | D10: GRC Analyst | E10: CCO | F10: 2026-11-01 | G10: 2027-11-01 | H10: All record owners | I10: Internal | J10: Task 4 PDF / tracker
A11: CAN-PLB-IR-001 | B11: Incident Response Playbook | C11: 1.0 | D11: Security Officer | E11: CCO | F11: 2026-10-08 | G11: 2027-10-08 | H11: Security, Privacy, IT | I11: Confidential | J11: CloudSec1 can-secops
A12: CAN-LGL-OBL-001 | B12: Compliance Obligations Matrix | C12: 1.0 | D12: Privacy Officer | E12: CCO + counsel | F12: 2026-11-01 | G12: 2027-11-01 | H12: Compliance team | I12: Internal | J12: Task 5 PDF
